Name,Data Collection Number,Code,Data Collection Date,Assessor,BT Start,BT Duration,Familiarisation-Start Time (MM:SS),Call Back-Start Time (MM:SS) ,Walking-Start Time (MM:SS),Standing-Start Time (MM:SS) ,Sitting-Start Time (MM:SS) ,Lying-Start Time (MM:SS) ,Lying-Finish Time (MM:SS),Body check-Start Time (MM:SS),Body check-Finish Time (MM:SS) ,Tea Towel-Start Time (MM:SS),Tea Towel-Finish Time (MM:SS),Distractions-Start Time (MM:SS),Distractions-Finish Time (MM:SS) ,Kong-Presentation-Start Time (MM:SS) ,Kong-Interaction-Start Time (MM:SS),Kong-Interaction-Finish Time (MM:SS),Dog-Start Time (MM:SS),Dog-Finish Time (MM:SS) ,Crate-Start Time (MM:SS) ,Crate-Finish Time (MM:SS),Petting-Start Time (MM:SS),Petting-Finish Time (MM:SS),Isolation-Start Time (MM:SS),Isolation-Finish Time (MM:SS) ,Noise-Start Time (MM:SS),Noise-Time (MM:SS),Noise-Walk Finish Time (MM:SS)
Clay,1,11-52-LC,2020-12-14,A,14:45:42,0:13:32,00:03,01:05,01:17,02:26,03:24,04:31,05:33,05:46,06:16,06:25,06:38,07:14,07:59,08:21,09:02,09:25,09:50,10:05,10:24,11:27,11:31,11:40,11:48,12:54,13:05,13:27,13:32
Diva,1,04-01-LD,2019-05-20,A,14:46:21,0:14:36,,,,,,,,,,,,,,,,,,,,,,,,,,,
Diva,1,04-01-LD,2019-05-20,B,14:46:21,0:14:36,1:1,1:56,2:04,3:11,3:58,4:42,5:23,5:36,6:1,6:31,6:52,7:37,6:28,8:48,9:16,9:28,9:52,10:15,11:01,11:5,11:56,12:24,12:31,13:44,14:2,,
Diva,1,04-01-LD,2019-05-20,B,14:46:21,0:14:36,,,,,,,,,,,,,,,,,,,,,,,,,,,
Diva,1,04-01-LD,20/05/2019,C,,,01:11,01:58,02:02,03:11,03:59,04:44,05:24,05:35,06:11,06:32,06:53,07:37,08:27,08:45,09:15,09:28,09:52,10:15,11:02,11:49,12:06,12:24,12:33,13:41,,14:20,
Dora,1,11-53-LD,2020-12-14,A,13:55:22,0:14:03,00:07,01:10,01:17,02:27,03:30,04:34,05:37,05:46,06:21,06:48,07:17,07:48,08:23,08:46 ,09:25,09:53,10:18,10:39,11:01,11:46,00:05 (2),00:17 (2),00:36 (2),01:32 (2),01:43 (2),02:09 (2),02:14 (2)
Douglas,1,04-03-LD,2019-05-20,A,13:36:29,0:15:12,,,,,,,,,,,,,,,,,,,,,,,,,,,
Douglas,1,04-03-LD,2019-05-20,B,13:36:29,0:15:12,,,,,,,,,,,,,,,,,,,,,,,,,,,
Douglas,1,04-03-LD,2019-05-20,A,13:36:29,0:15:12,,,,3,,,,,,,,,,,,,,,,,,,,,,,
Douglas,1,04-03-LD,20/05/2019,C,,,01:17,02:01,02:13,03:24,04:28,05:16,05:58,06:21,06:48,07:00,07:16,08:13,09:02,09:50,10:18,10:30,11:00,11:20,11:38,12:40,12:42,13:12,13:30,14:30,,15:04,
Douglas,2,04-03-LD,2019-07-04,A,14:31:54,0:17:35,,,,,,,,,,,,,,,,,,,,,,,,,,,
Douglas,2,04-03-LD,2019-07-04,B,14:31:54,0:17:35,,,,,,,,,,,,,,2,,,,,,,,,,,,,
Douglas,2,04-03-LD,2019-07-04,A,14:31:54,0:17:35,,,,,,,,,,,,,,,,,,,,,,,,,,,
Douglas,2,04-03-LD,04/07/2019,C,,,00:20,01:20,01:23,02:47,03:49,04:48,07:35,08:10,08:44,09:00,09:27,09:59,10:50,11:10,12:00,12:45,13:04,13:30,13:47,14:57,15:03,15:30,15:40,16:39,,17:14,
Dugg,1,05-01-LD,2019-05-22,B,14:15:42,0:15:00,,,,,,,,,,,,,,,,,,,,,,,,,,,
Dugg,1,05-01-LD,22/05/2019,C,,,00:25,01:15,01:32,02:58,03:40,04:26,05:27,05:50,06:25,06:37,07:08,07:42,08:39,09:10,09:43,10:00,10:32,11:05,12:05,12:34,12:47,13:12,13:30,14:00,,14:35,
Dugg,1,05-01-LD,22/05/2019,D,,,00:25,01:16,01:33,02:56,03:38,04:26,05:29,05:51,06:27,06:37,07:08,07:43,08:38,09:09,09:43,10:00,10:32,10:54,11:58,12:30,12:44,13:14,13:28,14:02,,14:34,
Dugg,2,05-01-LD,2019-07-17,B,14:50:56,0:12:48,,,,,,,,,,,,,,,,,,,,,,,,,,,
Dugg,2,05-01-LD,17/07/2019,C,,,00:05,00:57,01:01,02:05,02:52,03:48,04:38,05:00,05:22,05:32,05:51,06:38,07:01,07:21,07:49,08:10,08:31,08:52,09:03,10:07,10:09,10:35,10:47,12:01,,12:32,
Earl,1,04-02-LE,2019-05-20,A,15:28:25,0:15:18,,,,,,,,,,,,,,,,,,,,,,,,,,,
Earl,1,04-02-LE,2019-05-20,B,15:28:25,0:15:18,1:24,,1:4,3:33,2:48,4:16,5:16,5:57,6:45,6:55,7:18,7:46,8:22,8:44,9:07,9:2,9:51,10:15,10:3,12:08,12:1,12:46,12:52,14:22,15:03,,
Earl,1,04-02-LE,2019-05-20,A,15:28:25,0:15:18,,,,,,,,,,,,,,,,,,,,,,,,,,,
Earl,1,04-02-LE,2019-05-20,B,15:28:25,0:15:18,,,,,,,,,,,,,,,,,,,,,,,,,,,
Earl,1,04-02-LE,20/05/2019,D,,,00:01,01:37,01:40,03:41,02:48,04:18,05:16,05:55,06:40,06:55,07:17,07:46,08:20,08:43,09:07,09:21,09:51,10:18,10:26,12:07,12:09,12:44,12:52,14:20,,15:03,
Earl,1,04-02-LE,20/05/2019,C,,,00:00,01:37,01:40,03:40,02:52,04:25,05:15,06:06,06:39,06:54,07:18,07:47,08:20,08:42,09:09,09:19,09:52,10:15,10:34,12:08,12:10,12:44,12:52,14:20,,15:04,
Earl,2,04-02-LE,2019-07-03,A,14:34:35,0:16:56,,,,,,,,,,,,,,,,,,,,,,,,,,,
Earl,2,04-02-LE,2019-07-03,B,14:34:35,0:16:56,0:17,1:22,1:28,2:47,4:1,5:34,6:29,6:45,7:2,7:42,8:17,8:48,9:24,9:47,10:42,11:21,11:42,12:21,12:35,13:48,13:52,14:13,14:24,16:02,16:37,,
Earl,2,04-02-LE,2019-07-03,A,14:34:35,0:16:56,,,,,,,,,,,,,,,,,,,,,,,,,,,
Earl,2,04-02-LE,2019-07-03,B,14:34:35,0:16:56,,,,,,,,,,,,,,,,,,,,,,,,,,,
Earl,2,04-02-LE,03/07/2019,C,,,00:17,01:22,01:29,02:49,04:09,05:32,06:26,06:46,07:20,07:43,08:16,08:49,09:23,09:43,10:43,11:22,11:42,12:29,12:35,13:50,13:52,14:13,14:24,16:00,,16:38,
Ebbi,1,05-14-LE,2019-06-13,A,14:54:56,0:16:45,,,,,,,,,,,,,,,,,,,,,,,,,,,
Ebbi,1,05-14-LE,13/06/2019,D,,,00:08,01:09,01:14,03:19,04:22,05:29,07:50,08:01,08:41,08:56,09:23,09:55,10:30,10:54,11:33,11:56,12:18,12:44,12:55,14:14,14:19,14:34,14:47,15:48,,16:23,
Ebbi,2,05-14-LE,2019-07-31,A,14:14:49,0:17:31,,,,,,,,,,,,,,,,,,,,,,,,,,,
Ebbi,2,05-14-LE,31/07/2019,C,,,00:12,01:26,01:30,02:35,04:20,05:29,08:25,8:53,09:28,09:38,10:17,10:58,11:18,11:40,12:28,12:56,13:20,13:42,13:56,14:55,14:57,15:30,15:46,16:44,,17:17,
Eddie,1,10-45-LE,2020-10-30,B,12:58:18,0:16:56,00:20,,01:40,02:54,03:55,05:04,06:17,06:27,06:42,06:57,07:47,08:25,09:39,10:15,11:11,11:25,11:54,12:15,12:45,12:46,13:52,14:13,14:42,16:05,16:15,16:45,16:51
Eddie,2,10-45-LE,2020-12-17,B,13:10:31,0:14:25,00:05,,01:07,02:08,03:14,04:18,05:25,05:36,06:04,06:22,06:48,07:19,08:04,08:27,09:06,09:28,09:56,10:09,10:25,11:33,11:35,11:59,12:18,13:39,13:48,14:19,14:24
Edrick,1,05-11-LE,2019-06-13,B,13:38:51,0:13:24,,,,,,,,,,,,,,,,,,,,,,,,,,,
Edrick,1,05-11-LE,13/06/2019,C,,,00:00,00:58,01:07,02:35,03:07,04:41,04:40,04:48,05:22,05:35,05:59,06:35,07:22,07:48,08:28,08:49,09:10,09:40,09:52,11:05,12:22,12:41,11:17,12:11,,13:05,
Edrick,1,05-11-LE,13/06/2019,D,,,00:05,00:58,01:07,02:36,03:09,03:41,04:42,04:48,05:23,05:34,06:00,06:36,07:22,07:47,08:27,08:50,09:11,09:39,09:49,11:00,11:23,12:41,11:20,11:14,,13:06,
Edrick,2,05-11-LE,2019-07-31,B,13:36:06,0:13:43,,,,,,,,,,,,,,,,,,,,,,,,,,,
Edrick,2,05-11-LE,31/07/2019,C,,,00:08,01:22,01:30,02:56,03:42,04:32,05:33,05:40,05:58,06:08,06:29,07:01,07:33,07:54,08:33,08:56,09:32,10:10,10:24,11:33,11:35,11:41,11:56,12:51,,13:28,
Effie,1,07-13-LE,2019-08-21,B,12:47:14,0:15:52,,,,,,,,,,,,,,,,,,,,,,,,,,,
Effie,1,07-13-LE,21/08/2019,C,,,00:10,01:07,01:12,02:57,05:34,06:13,07:50,07:57,08:23,08:35,08:56,09:41,10:06,10:24,10:59,11:22,11:35,11:58,12:23,13:25,13:27,13:35,13:48,14:56,,15:33,
Effie,2,07-13-LE,2019-10-10,B,13:14:50,0:17:43,,,,,,,,,,,,,,,,,,,,,,,,,,,
Effie,2,07-13-LE,10/10/2019,C,,,00:18,01:11,01:16,02:35,03:09,04:13,06:05,06:38,07:15,07:48,08:23,09:20,09:54,10:38,11:05,12:00,12:33,13:20,13:53,15:01,15:03,15:23,15:41,16:34,,17:31,
Eldin,1,05-05-LE,2019-05-29,B,14:19:18,0:16:11,,,,,,,,,,,,,,,,,,,,,,,,,,,
Eldin,1,05-05-LE,29/05/2019,D,,,00:31,01:12,02:15,03:40,04:23,04:59,05:46,06:03,06:48,07:12,07:32,08:18,09:25,09:51,10:45,11:22,11:44,12:13,12:24,13:36,13:37,14:03,14:10,15:18,,15:50,
Eldin,2,05-05-LE,2019-07-17,B,15:34:19,0:16:15,,,,,,,,,,,,,,,,,,,,,,,,,,,
Eldin,2,05-05-LE,17/07/2019,C,,,00:13,02:05,02:10,03:44,04:52,06:07,07:16,07:23,08:07,08:25,08:41,09:14,09:47,10:06,10:36,11:05,11:29,11:50,12:00,13:28,13:31,13:51,13:59,15:17,,15:52,
Elf,1,04-07-LE,2019-05-22,A,15:27:46,0:15:39,,,,,,,,,,,,,,,,,,,,,,,,,,,
Elf,1,04-07-LE,22/05/2019,D,,,00:24,01:09,01:15,02:22,03:12,04:02,05:26,05:40,06:12,06:45,07:11,07:55,08:33,08:49,09:40,09:58,10:28,11:04,11:17,12:13,12:21,12:48,13:07,14:20,,15:15,
Elf,1,04-07-LE,22/05/2019,C,,,00:24,01:10,01:14,02:17,03:12,04:02,05:26,05:39,06:12,06:45,07:13,07:54,08:31,08:51,00:39,09:58,10:26,10:58,11:20,12:17,12:20,12:50,13:08,14:17,,15:15,
Elf,2,04-07-LE,2019-07-03,A,15:39:45,0:15:12,,,,,,,,,,,,,,,,,,,,,,,,,,,
Elf,2,04-07-LE,03/07/2019,C,,,00:12,01:13,01:16,04:29,02:46,03:34,05:06,05:15,05:42,06:01,06:43,07:17,07:58,08:14,08:51,09:32,09:55,10:17,10:30,11:27,11:30,11:55,12:11,13:57,,14:42,
Eliza,1,05-22-LE,2019-06-18,B,13:41:32,0:14:51,,,,,,,,,,,,,,,,,,,,,,,,,,,
Eliza,1,05-22-LE,18/06/2019,D,,,00:11,01:13,01:19,02:30,03:36,04:19,05:23,05:33,06:04,06:18,06:51,07:20,08:01,08:20,09:11,09:34,09:56,10:32,10:40,12:11,12:13,12:32,12:40,13:45,,14:23,
Eliza,2,05-22-LE,2019-08-12,B,13:50:00,0:16:18,,,,,,,,,,,,,,,,,,,,,,,,,,,
Eliza,2,05-22-LE,12/08/2019,D,,,00:20,01:14,01:30,02:22,03:14,04:29,05:25,05:40,06:20,06:44,07:14,07:54,08:30,09:21,09:56,10:11,10:45,11:20,11:43,13:08,13:26,13:32,13:45,15:03,,15:45,
Emmy,1,04-08-LE,2019-06-18,B,14:24:05,0:16:39,,,,,,,,,,,,,,,,,,,,,,,,does one small circle steadily walking,,,
Emmy,1,04-08-LE,18/06/2019,D,,,00:12,01:12,01:18,03:02,05:23,04:11,06:23,06:30,07:02,07:18,07:59,08:31,09:16,09:38,10:29,10:54,11:15,11:37,11:58,13:25,13:29,13:43,13:51,15:29,,16:09,
Emmy,2,04-08-LE,2019-08-12,B,14:21:07,0:17:43,,,,,,,,,,,,,,,,,,,,,,,,,,,
Emmy,2,04-08-LE,12/08/2019,D,,,00:12,01:22,01:31,02:46,04:26,05:45,06:47,07:41,08:14,08:24,08:53,09:29,10:08,10:32,11:11,11:54,12:15,12:41,12:58,14:13,14:23,14:45,14:53,16:14,,16:37,
Esme,1,05-13-LE,2019-06-13,B,14:20:06,0:14:56,,,,,,,,,,,,,,,,,,,,,,,,,,,
Esme,1,05-13-LE,13/06/2019,D,,,00:16,01:37,01:41,03:02,03:50,04:40,05:27,05:38,06:12,06:25,06:54,07:30,08:16,08:39,09:29,09:47,10:13,10:36,11:22,12:26,12:31,12:45,12:52,13:55,,14:27,
Esme,1,05-13-LE,13/06/2019,C,,,00:15,01:36,01:41,03:02,03:49,04:40,05:26,05:39,06:11,06:26,06:52,07:30,08:17,08:41,09:29,09:47,10:15,10:47,11:27,12:27,12:30,12:45,12:54,13:50,,14:27,
Evie,1,07-03-LE,2019-07-29,A,14:18:49,0:14:49,,,,,,,,,,,,,,,,,,,,,,,,,,,
Evie,1,07-03-LE,29/07/2020,D,,,00:15,01:12,01:20,02:26,03:27,04:38,05:24,05:34,06:07,06:23,06:49,07:20,07:55,08:14,08:59,09:53,10:07,10:48,10:57,12:05,12:11,12:29,12:36,13:55,,14:28,
Evie,2,07-03-LE,2019-09-17,A,14:25:06,0:15:49,,,,,,,,,,,,,,,,,,,,,,,,,,,
Evie,2,07-03-LE,17/09/2019,D,,,00:18,01:05,01:12,02:31,05:18,04:00,06:30,06:50,07:25,07:36,08:07,08:35,09:08,09:27,10:03,10:40,10:56,11:21,11:34,12:59,13:03,13:28,13:38,15:04,,15:29,
Fargo,1,04-05-LF,2019-05-23,A,13:54:52,0:14:32,,,,,,,,,,,,,,,,,,,,,,,,,,,
Fargo,1,04-05-LF,23/05/2019,C,,,00:16,01:00,01:06,03:23,02:37,04:11,04:57,05:10,05:44,06:03,06:23,07:06,07:42,08:03,08:31,08:47,09:17,09:35,09:59,11:07,11:08,11:35,11:55,13:25,,14:15,
Fargo,2,04-05-LF,2019-07-03,A,15:09:06,0:16:39,,,,,,,,,,,,,,,,,,,,,,,,,,,
Fargo,2,04-05-LF,03/07/2019,C,,,00:33,01:26,01:38,02:53,05:30,04:38,05:45,05:56,06:20,06:38,07:07,07:45,08:23,08:53,09:47,10:32,11:00,11:30,11:50,13:05,13:10,13:45,13:56,15:37,,16:17,
Fawn,1,05-03-LF,2019-05-29,B,14:58:17,0:16:42,,,,,,,,,,,,,,,,,,,,,,,,,,,
Fawn,1,05-03-LF,29/05/2019,D,,,00:10,01:11,01:19,02:42,03:16,03:47,04:49,05:00,05:38,06:49,07:55,08:39,09:35,09:51,10:30,11:06,12:07,12:31,12:53,13:58,13:59,14:26,14:37,15:34,,16:13,
Fawn,1,05-03-LF,29/05/2019,C,,,00:09,01:10,01:18,02:43,03:16,03:47,04:49,05:00,05:38,06:50,07:54,08:39,09:35,09:51,10:30,11:06,11:58,12:35,12:55,13:56,13:58,14:14,14:39,15:30,,16:13,
Fawn,2,05-03-LF,2019-07-17,B,13:35:14,0:15:19,,,,,,,,,,,,,,,,,,,,,,,,,,,
Fawn,2,05-03-LF,17/07/2019,C,,,00:14,00:47,00:56,02:15,03:18,03:50,04:40,04:51,05:13,05:29,06:23,07:16,08:04,08:40,09:10,09:21,09:44,10:30,11:17,12:12,12:22,12:43,13:01,14:08,,14:54,
Fergus,1,10-01-LF,2019-10-24,B,15:09:44,0:12:39,,,,,,,,,,,,,,,,,,,,,,,,,,,
Fergus,1,10-01-LF,24/10/2019,D,,,00:07,00:55,01:00,01:51,02:48,03:42,04:31,05:01,05:23,05:36,06:02,06:32,07:01,07:17,07:50,08:09,08:28,08:50,08:57,10:02,10:05,10:22,10:25,11:46,,12:22,
Flora,1,05-02-LF,2019-05-23,A,14:26:31,0:15:14,,,,,,,,,,,,,,,,,,,,,,,,,,,
Flora,1,05-02-LF,23/05/2019,D,,,00:23,01:20,01:28,04:17,02:30,03:47,05:00,05:14,05:51,06:20,07:12,07:52,08:22,08:39,09:18,09:35,10:02,10:23,10:44,11:51,11:55,12:27,12:45,14:22,,14:55,
Flora,2,05-02-LF,2019-07-16,A,13:34:50,0:22:23,,,,,,,,,,,,,,,,,,,,,,,,,,,
Flora,2,05-02-LF,16/07/2019,C,,,00:16,01:09,01:16,04:20,04:45,06:11,07:02,07:10,07:39,08:13,13:30,14:16,15:05,15:39,16:22,17:00,17:25,18:00,18:34,19:32,19:41,20:04,20:13,21:12,,21:59,
Gav,1,07-12-LG,2019-08-21,A,13:37:19,0:17:07,,,,,,,,,,,,,,,,,,,,,,,,,,,
Gav,1,07-12-LG,21/08/2019,D,,,00:26,01:22,01:33,02:32,03:11,04:47,05:29,05:46,06:30,07:15,08:04,08:41,09:23,10:05,10:33,11:30,11:59,12:26,12:49,13:58,14:06,15:12,15:23,16:12,,16:47,
Gav,2,07-12-LG,2019-10-14,A,14:01:53,0:17:41,,,,,,,,,,,,,,,,,,,,,,,,,,,
Gav,2,07-12-LG,14/10/2019,D,,,00:21,01:22,01:34,02:36,03:50,04:45,06:16,06:29,07:20,07:41,08:19,09:04,09:34,09:57,10:30,11:31,11:55,12:25,12:37,14:21,14:37,15:02,15:14,16:34,,17:25,
Gilli,1,07-15-LG,2019-08-21,A,14:45:51,0:12:40,,,,,,,,,,,,,,,,,,,,,,,,,,,
Gilli,1,07-15-LG,21/08/2019,D,,,00:11,01:16,01:22,02:21,03:16,04:20,05:35,05:45,06:05,06:17,06:40,07:09,07:40,07:56,08:41,09:07,09:24,09:49,09:55,10:34,10:36,10:50,10:54,11:43,,12:21,
Goober,1,07-01-LG,2019-07-29,B,13:39:35,0:16:58,,,,,,,,,,,,,,,,,,,,,,,,,,,
Goober,1,07-01-LG,29/07/2019,C,,,00:18,01:11,01:27,06:54,03:53,04:46,07:38,07:46,08:15,08:32,08:51,09:35,10:32,10:58,11:40,12:05,12:28,12:58,13:11,14:21,14:34,14:47,14:55,16:01,,16:38,
Goober,1,07-01-LG,29/07/2019,C,,,00:18,01:12,01:27,06:54,03:56,04:47,07:38,07:45,08:15,08:31,08:59,09:37,10:32,10:59,11:40,12:05,12:29,12:50,13:12,14:21,14:34,14:49,14:55,16:00,,16:38,
Goober,2,07-01-LG,2019-09-17,B,14:56:17,0:17:43,,,,,,,,,,,,,,,,,,,,,,,,,,,
Goober,2,07-01-LG,17/09/2019,C,,,00:17,01:15,01:28,03:05,05:04,06:50,07:46,07:56,08:33,08:52,09:18,11:20,12:30,12:46,13:36,14:09,14:40,15:25,16:02,17:03,17:09,17:33,17:40,01:04,,02:27,
Gretel,1,07-14-LG,2019-08-21,B,14:17:50,0:13:47,,,,,,,,,,,,,,,,,,,,,,,,,,,
Gretel,1,07-14-LG,21/08/2019,C,,,00:25,01:07,01:14,02:15,03:09,04:00,05:06,05:58,06:18,06:31,07:03,07:35,08:12,08:32,09:04,09:26,09:46,10:00,10:19,11:26,11:28,11:31,11:58,12:55,,13:27,
Gretel,2,07-14-LG,2019-10-10,B,14:49:44,0:17:26,,,,,,,,,,,,,,,,,,,,,,,,,,,
Gretel,2,07-14-LG,10/10/2019,C,,,00:17,01:28,01:38,3:38,04:26,05:37,06:40,07:32,08:16,08:36,09:25,10:01,10:44,11:08,11:30,11:55,12:18,12:54,13:07,14:14,14:16,14:48,15:05,16:27,,17:03,
Hans,1,08-03-LH,2019-09-23,B,15:23:01,0:14:52,,,,,,,,,,,,,,,,,,,,,,,,,,,
Harmony,1,08-04-LH,2019-09-18,B,14:38:57,0:12:20,,,,,,,,,,,,,,,,,,,,,,,,,,,
Harmony,1,08-04-LH,18/09/2019,C,,,00:08,00:59,01:02,01:49,02:45,03:35,04:58,05:06,05:25,05:36,06:01,06:46,07:11,07:26,07:59,08:34,08:50,09:11,09:17,10:18,10:20,19:26,10:33,11:34,,12:02,
Harmony,2,08-04-LH,2019-10-30,B,13:05:00,0:17:43,,,,,,,,,,,,,,,,,,,,,,,,,,,
Harmony,2,08-04-LH,30/10/2019,C,,,00:00,01:17,01:30,02:29,03:28,04:28,05:19,05:32,06:36,07:04,07:58,09:57,09:44,10:28,11:10,11:43,12:34,13:07,13:22,14:30,14:39,14:58,15:18,16:26,,17:10,
Harold,1,04-16-LH,2021-04-29,A,11:38:51,0:15:10,00:05,01:08,01:12,02:24,03:19,04:19   ,05:18,05:51,06:15,06:31,07:12,07:53,08:35,08:55,09:40,09:57,10:21,10:36,,12:26,12:39,12:55,13:17,14:22,14:36,15:01,15:09
Harry,1,08-01-LH,2019-09-18,B,13:56:34,0:13:18,,,,,,,,,,,,,,,,,,,,,,,,,,,
Harry,1,08-01-LH,18/09/2019,C,,,00:15,01:05,01:14,02:15,02:54,03:57,04:58,05:41,05:58,06:08,06:44,07:18,07:55,08:10,08:52,09:23,09:46,10:02,10:15,11:23,11:25,11:33,11:40,12:35,,13:03,
Harry,2,08-01-LH,2019-10-30,B,13:34:19,0:16:23,,,,,,,,,,,,,,,,,,,,,,,,,,,
Harry,2,08-01-LH,30/10/2019,C,,,00:07,01:06,01:13,02:20,3:12,04:15,05:10,5:45,06:25,06:36,07:14,07:58,08:49,09:10,09:53,10:18,10:43,11:17,11:47,13:10,13:18,13:42,13:59,15:06,,16:00,
Harvey,1,08-02-LH,2019-09-18,A,14:21:40,0:11:56,,,,,,,,,,,,,,,,,,,,,,,,,,,
Harvey,1,08-02-LH,18/09/2019,C,,,00:07,01:01,01:07,01:55,02:52,03:26,04:09,04:58,05:15,05:29,06:00,06:33,06:59,07:13,07:48,08:10,08:33,08:47,08:53,10:00,10:02,10:09,10:16,11:14,,11:38,
Harvey,2,08-02-LH,2019-10-30,A,15:05:42,0:13:40,,,,,,,,,,,,,,,,,,,,,,,,,,,
Harvey,2,08-02-LH,30/10/2019,C,,,00:04,01:08,01:13,02:25,03:23,4:23,05:13,06:05,06:25,06:37,07:04,7:41,08:07,08:21,09:11,09:32,09:52,10:18,10:30,11:31,11:34,11:46,11:58,12:57,,13:28,
Hayley,1,08-12-LH,2019-09-23,B,13:26:55,0:16:02,,,,,,,,,,,,,,,,,,,,,,,,,,,
Hayley,1,08-12-LH,23/09/2019,D,,,00:08,01:11,01:20,03:13,04:12,05:34,06:30,06:36,07:06,07:23,07:39,08:16,08:54,09:26,09:56,10:39,11:07,12:07,,,,,14:30,15:20,,15:50,
Hayley,2,08-12-LH,2019-11-06,B,15:13:24,0:20:23,,,,,,,,,,,,,,,,,,,,,,,,,,,
Hayley,2,08-12-LH,06/11/2019,D,,,00:03,01:10,01:26,02:50,04:00,05:13,06:29,06:52,08:46,10:03,10:32,11:26,12:10,13:09,13:35,14:04,14:38,15:06,15:24,16:54,16:59,17:25,17:38,19:03,,02:21,
Herbie,1,07-02-LH,2019-07-29,A,15:42:14,0:14:55,,,,,,,,,,,,,,,,,,,,,,,,,,,
Herbie,1,07-02-LH,29/07/2019,D,,,00:25,01:19,01:23,02:28,03:13,04:05,05:15,05:25,05:57,06:17,07:05,07:47,08:16,08:44,09:08,09:51,10:10,10:35,10:58,12:02,12:14,12:44,12:53,13:58,,14:28,
Herbie,2,07-02-LH,2019-09-17,A,13:48:29,0:17:00,,,,,,,,,,,,,,,,,,,,,,,,,,,
Herbie,2,07-02-LH,17/09/2019,D,,,00:13,01:41,01:50,03:05,04:20,05:34,06:49,07:05,07:55,08:12,08:57,09:55,10:16,10:47,11:23,12:02,12:33,12:55,13:02,14:30,14:36,14:58,15:06,16:04,,16:42,
Hollie,1,10-02-LH,2019-10-24,A,13:57:50,0:06:23,,,,,,,,,,,,,,,,,,,,,,,,,,,
Hollie,1,10-02-LH,24/10/2019,D,,,00:21,01:17,01:26,02:33,03:21,04:11,01:05,01:47,02:14,02:33,03:09,03:56,04:33,04:54,05:31,05:47,07:07,07:38,,,08:51,09:11,09:19,10:20,,10:50,
Idris,1,10-14-LI,2019-11-06,B,13:58:19,0:14:01,,,,,,,,,,,,,,,,,,,,,,,,,,,
Idris,1,10-14-LI,06/11/2019,C,,,00:12,01:09,01:17,02:07,03:07,04:07,04:49,04:54,05:40,05:55,06:27,06:54,07:29,07:45,08:35,09:07,09:28,10:04,10:15,11:28,11:32,11:49,12:01,12:44,,13:42,
Idris,2,10-14-LI,2020-01-09,B,15:27:14,0:13:30,,,,,,,,,,,,,,,,,,,,,,,,,,,
Idris,2,10-14-LI,09/01/2020,C,,,00:05,01:04,01:15,02:03,02:56,03:56,04:55,05:16,06:01,6:15,06:25,07:01,07:46,08:07,08:33,08:54,09:22,9:47,10:05,11:10,11:15,11:27,11:36,12:41,,13:11,
Illana,1,11-27-II,2019-12-18,B,13:08:40,0:18:56,,,,,,,,,,,,,,,,,,,,,,,,,,,
Illana,1,11-27-II,18/12/2019,D,,,00:09,01:00,01:11,02:04,02:56,04:35,05:45,05:54,06:35,06:47,07:16,07:57,09:21,09:50,10:19,10:31,11:28,11:47,12:01,13:26,13:39,14:04,14:21,15:25,,,
Illana,2,11-27-II,2020-01-30,B,13:30:03,0:15:33,,,,,,,,,,,,,,,,,,,,,,,,,,,
Irrie,1,09-01-LI,2019-10-02,A,14:43:32,0:17:43,,,,,,,,,,,,,,,,,,,,,,,,,,,
Irrie,1,09-01-LI,02/10/2019,C,,,00:23,01:02,01:53,05:43,03:13,04:28,06:44,06:58,07:45,08:01,08:34,09:38,10:23,10:59,11:56,10:52,13:15,13:50,14:06,15:48,16:01,16:58,17:13,0:50,,01:46,
Irrie,2,09-01-LI,2019-11-20,A,15:34:00,0:15:00,,,,,,,,,,,,,,,,,,,,,,,,,,,
Irrie,2,09-01-LI,20/11/2019,C,,,00:07,01:15,01:23,02:39,03:30,04:39,06:00,06:08,06:39,06:58,07:38,8:15,08:42,08:57,09:32,09:57,10:15,10:45,11:00,12:05,12:24,12:41,12:52,13:51,,14:45,
Jane,1,10-04-LJ,2019-10-24,A,14:44:43,0:13:32,,,,,,,,,,,,,,,,,,,,,,,,,,,
Jane,1,10-04-LJ,24/10/2019,D,,,00:14,01:15,01:19,02:14,03:08,04:13,05:08,05:18,05:40,05:55,06:32,07:14,07:49,08:06,08:42,09:04,09:30,09:48,09:56,10:57,11:10,11:19,11:29,12:31,,13:12,
Jane,2,10-04-LJ,2020-01-08,A,13:53:52,0:16:30,,,,,,,,,,,,,,,,,,,,,,,,,,,
Jane,2,10-04-LJ,08/01/2020,C,,,00:11,01:21,01:33,02:38,03:38,04:38,06:04,06:16,06:55,07:24,08:17,08:59,09:39,09:58,10:34,11:02,11:35,12:10,12:32,13:45,13:54,14:01,14:25,15:20,,16:13,
Jazzi,1,09-04-LJ,2019-09-02,A,15:41:42,0:11:15,,,,,,,,,,,,,,,,,,,,,,,,,,,
Jazzi,1,09-04-LJ,02/10/2019,C,,,00:12,01:10,01:21,02:09,02:50,03:51,05:10,05:16,5:48,06:12,07:08,07:34,08:06,08:23,09:16,09:48,10:15,10:51,11:02,00:41,00:46,11:18,11:34,02:55,,03:24,
Jazzi,2,09-04-LJ,2019-11-20,A,14:17:08,0:16:38,,,,,,,,,,,,,,,,,,,,,,,,,,,
Jazzi,2,09-04-LJ,20/11/2019,C,,,00:23,01:22,01:30,02:45,03:54,04:58,05:52,6:18,06:53,07:06,07:49,8:20,08:53,09:09,10:24,10:58,11:24,11:51,12:10,13:24,13:28,13:49,14:01,15:31,,16:24,
Jessie,1,11-25-IJ,2019-12-13,A,14:07:16,0:14:54,,,,,,,,,,,,,,,,,,,,,,,,,,,
Jessie,1,11-25-IJ,13/12/2019,C,,,00:07,00:50,00:57,01:56,02:51,03:49,05:10,05:25,05:59,06:18,06:51,07:25,07:53,08:12,08:50,09:23,09:38,10:15,10:36,11:37,11:55,11:56,12:27,13:46,,14:36,
Jessie,2,11-25-IJ,2020-01-28,A,14:45:38,0:12:23,,,,,,,,,,,,,,,,,,,,,,,,,,,
Jessie,2,11-25-IJ,28/01/2020,C,,,00:06,01:14,01:21,02:09,03:16,04:05,05:13,05:18,05:40,05:59,06:39,07:09,07:41,08:07,00:05,00:25,00:59,01:20,01:36,12:15,12:16,12:18,12:32,03:18,,03:53,
Jira,1,08-11-LJ,2019-09-23,B,14:03:02,0:13:59,,,,,,,,,,,,,,,,,,,,,,,,,,,
Jira,1,08-11-LJ,23/09/2019,D,,,00:17,00:54,01:13,02:49,03:14,03:49,04:40,05:10,05:45,06:00,06:39,07:07,07:44,08:02,08:35,09:18,09:43,10:08,10:20,11:20,11:25,11:39,11:51,13:02,,13:39,
Jira,2,08-11-LJ,2019-11-06,B,14:37:42,0:16:57,,,,,,,,,,,,,,,,,,,,,,,,,,,
Jira,2,08-11-LJ,06/11/2019,D,,,01:10,02:11,02:15,03:16,04:06,04:38,05:58,06:07,06:47,07:36,08:03,09:08,10:07,10:25,10:55,11:25,12:10,12:30,12:42,13:51,14:01,14:24,14:39,15:53,,16:36,
Jojo,1,08-13-LJ,2019-09-23,A,14:56:40,0:14:13,,,,,,,,,,,,,,,,,,,,,,,,,,,
Jojo,1,08-13-LJ,23/09/2019,D,,,00:06,00:59,01:05,01:45,02:39,03:28,04:41,04:55,05:32,05:49,06:10,06:57,07:18,07:42,08:08,08:37,09:10,09:31,09:40,10:51,,,11:06,13:33,,13:59,
Jojo,2,08-13-LJ,2019-11-14,A,14:22:15,0:13:19,,,,,,,,,,,,,,,,,,,,,,,,,,,
Jojo,2,08-13-LJ,14/11/2019,D,,,00:09,01:08,01:14,02:07,03:11,04:11,05:15,05:23,05:46,05:58,06:18,06:48,07:05,07:25,08:02,08:42,09:09,09:41,09:48,10:52,11:02,11:11,11:19,12:33,,13:04,
Josie,1,09-03-LJ,2019-10-02,A,15:15:56,0:17:43,,,,,,,,,,,,,,,,,,,,,,,,,,,
Josie,1,09-03-LJ,02/10/2019,C,,,00:25,01:37,01:47,03:14,06:28,05:06,07:42,07:48,08:25,08:42,09:10,09:51,10:17,10:43,11:33,12:09,12:40,13:02,13:10,14:51,15:00,15:51,16:02,17:33,,00:28,
Josie,2,09-03-LJ,2019-11-20,A,14:43:14,0:14:30,,,,,,,,,,,,,,,,,,,,,,,,,,,
Josie,2,09-03-LJ,20/11/2019,C,,,00:20,01:05,01:17,2:38,03:26,04:16,05:15,05:21,06:00,06:21,07:05,07:44,08:10,08:25,08:57,09:19,09:40,10:00,10:18,11:42,11:50,12:04,12:15,13:13,,14:13,
Joy,1,10-12-LJ,2019-11-01,B,15:09:01,0:15:19,,,,,,,,,,,,,,,,,,,,,,,,,,,
Joy,1,10-12-LJ,2019-11-01,A,15:09:01,0:15:19,00:14,01:03,01:07,02:40,03:44,04:30,05:21,05:30,05:58,06:12,06:47,07:22,07:53,08:07,09:39,10:05,10:22,10:50,11:05,12:16,12:18,12:36,12:44,14:10,14:33,14:57,15:03
Joy,1,10-12-LJ,01/11/2019,D,,,00:14,01:02,01:08,02:40,03:44,04:30,05:23,05:31,05:56,06:13,06:50,07:22,07:53,08:07,09:36,10:05,10:22,10:46,11:01,12:14,12:18,12:35,12:43,14:10,,14:56,
Joy,2,10-12-LJ,2019-12-18,B,12:20:35,0:15:42,,,,,,,,,,,,,,,,,,,,,,,,,,,
Joy,2,10-12-LJ,2019-12-18,A,12:20:35,0:15:42,00:05,01:05,01:08,02:32,03:55,05:15,06:08,06:16,06:43,07:18,07:50,08:30,09:11,09:29,10:07,10:36,11:10,11:27,12:01,12:58,13:03,13:25,,14:51,15:09 ,15:24,15:32
Joy,2,10-12-LJ,18/12/2019,D,,,00:05,01:05,01:09,02:34,03:56,05:15,06:07,06:15,06:42,07:16,07:50,08:29,09:11,09:31,10:07,10:36,11:11,11:36,11:53,12:57,13:04,13:24,13:37,14:53,,15:25,
Judson,1,09-02-LJ,2019-10-02,A,14:13:07,0:17:43,,,,,,,,,,,,,,,,,,,,,,,,,,,
Judson,1,09-02-LJ,02/10/2019,C,,,00:23,01:20,01:33,04:54,03:05,04:01,06:39,06:54,08:00,8:17,09:04,09:43,10:14,10:32,11:20,12:12,12:40,13:10,13:20,14:50,14:53,15:32,15:43,17:29,,00:44,
Judson,2,09-02-LJ,20/11/2019,C,,,00:16,01:11,01:16,02:29,02:38,04:07,05:07,05:21,05:56,06:14,06:47,7:22,07:50,08:05,08:48,9:16,09:34,10:01,10:14,11:15,11:22,11:55,12:05,13:04,,14:13,
July,1,10-03-LJ,2019-10-30,B,14:43:59,0:13:20,,,,,,,,,,,,,,,,,,,,,,,,,,,
July,1,10-03-LJ,30/10/2019,C,,,00:00,01:11,01:23,02:33,03:27,04:33,05:35,05:43,06:07,06:21,06:44,07:23,07:49,08:11,08:40,09:00,09:20,09:59,10:07,11:02,11:07,11:14,11:25,12:21,,12:55,
July,2,10-03-LJ,2020-01-08,B,13:02:41,0:14:33,,,,,,,,,,,,,,,,,,,,,,,,,,,
July,2,10-03-LJ,08/01/2020,C,,,00:00,01:16,01:22,02:30,03:35,04:16,05:20,05:28,06:02,06:14,06:44,07:38,08:00,08:12,08:50,09:12,09:30,09:55,10:15,11:24,11:27,11:35,11:45,13:15,,14:15,
Junior,1,10-11-LJ,2019-11-06,B,13:28:02,0:13:56,,,,,,,,,,,,,,,,,,,,,,,,,,,
Junior,1,10-11-LJ,2019-11-06,A,13:28:02,0:13:56,00:16,01:13,01:16,02:18,03:15,04:18,05:10,05:19,05:47,06:01,06:25,06:56,07:28,07:46,08:11,08:31,08:48,09:05,09:52,11:05,11:09,11:28,,13:02,13:18,13:35,13:48
Junior,1,10-11-LJ,06/11/2019,D,,,00:16,01:13,01:16,02:19,03:15,04:20,05:10,05:18,05:47,06:00,06:30,06:57,07:28,07:46,08:11,08:31,08:49,09:29,09:53,11:05,11:15,11:28,11:44,13:03,,13:35,
Junior,2,10-11-LJ,2020-01-09,B,15:05:43,0:14:11,,,,,,,,,,,,,,,,,,,,,,,,,,,
Junior,2,10-11-LJ,2020-01-09,A,15:05:43,0:14:11,00:07,01:13,01:22,02:23,03:17,04:17,05:13,05:21,06:13,06:29,06:37,07:22,08:06,08:26,09:24,09:51,10:07,10:40,10:51,11:54,11:59,12:10,12:22,13:20,13:37,13:54,14:08
Junior,2,10-11-LJ,09/01/2020,C,,,00:06,01:12,1:21,02:25,03:17,04:17,05:12,05:21,06:10,06:29,06:37,07:23,08:03,08:25,09:23,09:51,10:16,10:40,10:52,11:54,12:00,12:09,12:21,13:17,,13:54,
Kacie,1,10-31-LK,2019-11-14,A,14:43:36,0:13:49,,,,,,,,,,,,,,,,,,,,,,,,,,,
Kacie,1,10-31-LK,14/11/2019,C,,,00:08,01:06,01:14,2:33,03:34,04:10,05:19,05:34,05:57,06:07,06:22,07:16,07:41,08:19,08:52,09:20,09:41,10:13,10:27,11:42,11:45,11:52,12:01,12:55,,13:26,
Kacie,2,10-31-LK,2020-01-09,A,12:48:54,0:13:27,,,,,,,,,,,,,,,,,,,,,,,,,,,
Kacie,2,10-31-LK,09/01/2020,C,,,00:09,00:51,00:56,02:02,02:51,03:53,05:00,05:12,05:36,05:48,06:26,07:03,07:34,07:50,08:24,08:42,09:13,09:36,09:48,10:57,11:05,11:08,11:29,12:15,,13:15,
Kain,1,11-11-IK,2019-12-18,A,14:35:47,0:15:11,,,,,,,,,,,,,,,,,,,,,,,,,,,
Kain,1,11-11-IK,18/12/2019,D,,,00:07,01:06,01:12,02:00,03:02,04:06,05:08,05:20,06:00,06:20,06:38,07:17,08:42,09:08,09:41,10:02,10:29,10:54,11:07,12:15,12:22,12:41,12:54,14:37,,15:24,
Kain,2,11-11-IK,2020-01-16,A,15:07:36,0:15:03,,,,,,,,,,,,,,,,,,,,,,,,,,,
Kain,2,11-11-IK,16/01/2020,D,,,00:08,01:05,01:13,01:56,03:02,04:05,05:06,05:20,06:00,06:20,06:37,07:18,08:42,09:09,09:42,10:01,10:29,10:53,11:06,12:13,12:23,12:42,12:54,14:37,,15:24,
Kaiser,1,11-24-IK,2019-12-13,A,14:36:49,0:16:19,,,,,,,,,,,,,,,,,,,,,,,,,,,
Kaiser,1,11-24-IK,13/12/2019,D,,,00:10,00:53,01:02,05:20,02:20,04:02,05:49,05:54,06:28,06:44,07:10,07:42,08:21,08:43,09:55,10:30,11:11,11:29,11:52,13:19,13:35,14:07,14:13,15:22,,16:05,
Kaiser,2,11-24-IK,2020-01-28,A,13:47:44,0:14:06,,,,,,,,,,,,,,,,,,,,,,,,,,,
Kaiser,2,11-24-IK,28/01/2020,D,,,00:08,01:10,01:19,04:03,02:59,04:41,05:54,06:18,06:32,06:00,07:09,07:59,08:16,08:43,09:08,09:32,10:01,10:19,10:32,11:44,11:55,12:09,12:30,13:33,,13:55,
Kali,1,12-01-LK,2020-01-09,A,13:09:10,0:13:35,,,,,,,,,,,,,,,,,,,,,,,,,,,
Kali,1,12-01-LK,09/01/2020,D,,,00:01,01:00,01:13,02:04,03:05,03:51,04:46,04:55,05:35,05:52,06:15,07:14,07:46,08:08,08:09,08:48,09:15,09:33,09:51,11:05,11:08,11:26,11:35,12:41,,13:20,
Kali,2,12-01-LK,2020-02-19,A,14:18:33,0:14:16,,,,,,,,,,,,,,,,,,,,,,,,,,,
Katie,1,11-21-IK,2019-12-12,B,14:38:08,0:14:19,,,,,,,,,,,,,,,,,,,,,,,,,,,
Katie,1,11-21-IK,12/12/2019,C,,,00:00,00:40,00:45,01:32,02:26,02:55,03:17,03:38,03:56,04:08,04:27,05:10,05:29,05:43,06:18,06:33,06:57,07:16,07:32,08:26,08:32,08:33,12:46,13:45,,14:06,
Katie,2,11-21-IK,2020-01-28,B,12:38:33,0:15:14,,,,,,,,,,,,,,,,,,,,,,,,,,,
Katie,2,11-21-IK,28/01/2020,C,,,00:22,01:24,01:33,02:35,03:29,04:21,5:17,05:31,06:05,06:48,07:20,07:53,08:39,09:23,09:38,10:00,10:25,10:56,11:21,12:14,12:29,12:40,13:16,14:29,,15:05,
Kelvin,1,10-13-LK,2019-11-01,B,14:16:41,0:15:40,,,,,,,,,,,,,,,,,,,,,,,,,,,
Kelvin,1,10-13-LK,01/11/2019,D,,,00:26,01:09,01:11,02:43,03:36,04:51,05:48,06:01,06:25,06:49,07:30,08:13,09:00,09:27,10:10,10:34,10:56,11:30,11:37,12:48,12:57,13:11,13:20,14:32,,15:19,
Kelvin,2,10-13-LK,2020-01-09,B,14:43:49,0:14:33,,,,,,,,,,,,,,,,,,,,,,,,,,,
Kelvin,2,10-13-LK,09/01/2020,D,,,00:09,01:36,01:42,02:26,03:16,04:39,05:40,05:48,06:26,06:51,07:02,07:56,08:35,09:03,09:33,09:57,10:26,10:48,11:04,12:11,12:17,12:32,12:41,12:35,,14:15,
Kirby,1,10-15-LK,2019-11-01,A,13:41:02,0:17:23,,,,,,,,,,,,,,,,,,,,,,,,,,,
Kirby,1,10-15-LK,01/11/2019,D,,,00:19,01:13,01:20,02:50,04:04,04:43,05:50,06:04,06:25,06:45,07:13,08:09,08:48,09:02,09:44,10:10,10:39,11:23,11:31,12:38,12:46,13:14,13:23,14:43,,15:27,
Kirby,2,10-15-LK,2020-01-08,A,13:26:19,0:13:37,,,,,,,,,,,,,,,,,,,,,,,,,,,
Kirby,2,10-15-LK,08/01/2020,D,,,00:05,01:22,01:31,02:41,04:26,03:36,05:22,05:42,06:07,06:58,07:19,07:48,08:17,08:32,08:56,09:09,09:29,09:50,10:01,11:16,11:23,11:35,11:42,12:45,,13:22,
Kyle,1,12-11-LK,2020-01-29,B,13:19:22,0:14:00,,,,,,,,,,,,,,,,,,,,,,,,,,,
Lexie,1,11-26-IL,2019-12-12,B,13:12:41,0:14:00,,,,,,,,,,,,,,,,,,,,,,,,,,,
Lexie,1,11-26-IL,12/12/2019,D,,,00:09,01:09,01:14,02:20,03:20,04:16,05:26,,,05:32,05:59,06:38,06:59,07:27,07:48,08:23,09:28,09:54,10:04,11:15,11:25,11:31,11:37,13:16,,13:44,
Lexie,2,11-26-IL,2020-01-30,B,13:58:21,00:15:18,,,,,,,,,,,,,,,,,,,,,,,,,,,
Lexie,2,11-26-IL,30/01/2020,D,,,00:01,01:20,01:26,02:30,03:18,04:28,05:37,05:48,06:13,06:26,06:48,07:28,07:51,08:08,08:44,09:09,09:30,09:58,10:19,12:22,12:43,13:05,13:13,14:31,,15:04,
Mac,1,11-01-LM,2019-12-18,B,15:05:53,0:14:29,,,,,,,,,,,,,,,,,,,,,,,,,,,
Mac,1,11-01-LM,18/12/2019,D,,,00:05,01:04,01:19,02:14,03:24,04:18,05:04,05:39,06:21,06:39,07:02,07:29,08:27,08:47,09:17,09:28,09:43,10:08,10:12,11:40,11:50,12:08,12:15,13:26,,14:16,
Mandy,1,01-02-LM,2020-01-30,B,13:02:36,0:15:17,,,,,,,,,,,,,,,sits,,,,,,,,,,,,
Mara,1,11-12-IM,2019-12-18,A,13:35:03,0:15:51,,,,,,,,,,,,,,,,,,,,,,,,,,,
Mara,1,11-12-IM,18/12/2019,D,,,00:04,01:18,01:24,02:22,03:09,04:16,05:21,06:00,06:51,07:08,07:29,07:56,08:53,09:12,09:47,09:57,10:33,10:50,10:59,12:47,12:53,13:05,13:20,14:44,,15:31,
Meeko,1,11-02-IM,2019-12-18,A,14:06:42,0:14:55,,,,,,,,,,,,,,,,,,,,,,,,,,,
Meeko,2,11-02-IM,2020-01-16,A,14:41:37,0:16:41,,,,,,,,,,,,,,,,,,,,,,,,,,,
Meeko,2,11-02-IM,16/01/2020,D,,,00:17,01:17,01:26,04:06,03:00,04:40,05:45,06:20,07:04,07:16,08:03,08:35,09:10,09:28,10:08,10:33,11:00,11:22,12:07,13:12,13:21,13:40,13:49,15:24,,15:57,
Meeko,2,11-02-IM,16/01/2020,D,,,00:17,01:17,01:25,04:01,03:00,04:40,05:48,06:20,07:01,07:16,08:02,08:35,09:10,09:28,10:07,10:32,10:58,11:26,12:07,13:10,13:20,13:39,13:50,15:25,,15:57,
Meg,1,11-22-IM,2019-12-12,B,13:40:24,0:17:40,,,,,,,,,,,,,,,,,,,,,,,,,,,
Meg,1,11-22-IM,12/12/2019,D,,,07:27,08:04,08:08,09:25,10:47,,13:04,13:15,13:45,14:02,14:24,15:00,15:24,15:43,16:16,16:34,16:52,17:17,17:29,,,,,,,,
Meg,2,11-22-IM,2020-01-30,B,14:23:17,00:14:58,,,,,,,,,,,,,,,,,,,,,,,,,,,
Meg,2,11-22-IM,30/01/2020,D,,,00:16,01:17,01:25,02:16,03:17,04:12,05:18,05:33,06:22,06:36,06:45,07:25,08:20,08:52,09:23,09:37,10:12,10:42,11:02,12:12,12:17,12:32,12:39,14:16,,14:48,
Milo,1,12-03-LM,2020-01-09,A,14:12:59,0:14:52,,,,,,,,,,,,,,,,,,,,,,,,,,,
Milo,1,12-03-LM,2020-01-09,B,14:12:59,0:14:52,00:04,,01:25,02:25,03:29,04:49,05:39,05:49,06:10,06:32,07:13,08:04,08:44,08:53,09:27,10:04,10:24,10:57,11:27,12:37,12:38,12:48,12:57,14:08,14:18,14:37,14:49
Milo,1,12-03-LM,09/01/2020,D,,,00:04,01:23,01:26,02:26,03:30,04:50,05:39,05:50,06:12,06:31,07:13,08:04,08:37,08:54,09:27,10:04,10:23,10:55,11:24,12:34,12:38,12:47,12:56,14:06,,14:38,
Milo,2,12-03-LM,2020-02-19,A,15:14:29,0:14:33,,,,,,,,,,,,,,,,,,,,,,,,,,,
Milo,2,12-03-LM,2020-02-19,B,15:14:29,0:14:33,00:12,01:04,01:22,02:08,03:01,03:51,04:42,04:50,05:38,06:00,06:25,06:57,07:30,07:26,08:43,09:20,09:35,09:54,10:10,11:55,11:56,12:27,12:36,13:56,14:02,14:24,14:28
Milo,2,12-03-LM,2020-02-19,A,15:14:29,0:14:33,00:13,01:04,01:22,02:07,03:01,03:51,04:42,04:50,05:41,06:00,06:25,06:58,07:33,07:56, 08:42,09:21,09:39,09:54,10:09,11:53 ,11:57,12:27,12:35,13:54,14:01,14:24,14:29
Minnie,1,12-02-LM,2020-01-09,A,13:41:23,0:15:09,,,,,,,,,,,,,,,,,,,,,,,,,,,
Minnie,1,12-02-LM,2020-01-09,B,13:41:23,0:15:09,00:18,,01:46,02:53,03:38,04:43,05:30,05:38,06:05,06:22,06:49,07:27,08:11,08:31,08:58,10:00,10:25,10:44,11:03,12:14,12:17,12:21,12:34,14:23,14:34,14:54,15:00
Minnie,1,12-02-LM,09/01/2020,D,,,00:18,01:41,01:45,02:50,03:38,04:44,05:30,05:39,06:08,06:23,06:49,07:27,08:11,08:31,08:57,10:02,10:25,10:46,11:00,12:13,12:18,12:23,12:33,14:26,,14:55,
Minnie,2,12-02-LM,2020-02-19,A,13:58:42,00:14:11,,,,,,,,,,,,,,,,,,,,,,,,,,,
Minnie,2,12-02-LM,2020-02-19,B,13:58:42,00:14:11,00:16,01:11,01:14,02:02,02:51,03:52,04:42,04:50,05:38,05:54,06:25,06:57,07:32,07:55,08:38,09:14,09:32,09:52,10:05,11:30,11:33,12:11,12:19,13:25,13:33,13:52,13:59
Minnie,2,12-02-LM,2020-02-19,A,13:58:42,00:14:11,00:18,01:07,01:14,01:57,02:51,03:53,04:43,04:49,05:39,05:55,06:26 ,06:57,07:34,07:55,08:39,09:14 ,09:34,09:55,10:05,11:32,11:34,12:16,12:20,13:22,13:34,13:53,14:00
Molly,1,01-01-LM,2020-01-29,A,12:30:36,0:14:57,,,,,,,,,,,,,,,,,,,,,,,,,,,
Nala,1,01-06-LN,2020-02-11,B,14:48:34,0:16:39,,,,,,,,,,,,,,,,,,,,,,,,,,,
Niamh,1,01-04-LN,2020-01-29,B,14:41:40,0:13:49,,,,,,,,,,,,,,,,,,,,,,,,,,,
Nina,1,01-03-LN,2020-01-29,A,13:46:49,0:13:06,,,,,,,,,,,,,,,,,,,,,,,,,,,
Noel,1,01-05-LN,2020-01-29,A,14:19:50,0:14:50,,,,,,,,,,,,,,,,,,,,,,,,,,,
Odin,1,01-12-LO,2020-02-11,B,15:19:50,0:13:38,,,,,,,,,,,,,,,,,,,,,,,,,,,
Oj,1,01-13-LO,2020-02-11,A,14:14:56,0:17:55,,,,,,,,,,,,,,,,,,,,,,,,,,,
Orbet,1,01-15-LO,2020-02-11,A,13:43:44,00:19:21,,,,,,,,,,,,,,,,,,,,,,,,,,,
Ozark,1,01-14-LO,2020-02-19,B,14:45:42,0:14:41,,,,,,,,,,,,,,,,,,,,,,,,,,,
Piper,1,11-54-LP,2020-12-14,A,13:25:49,0:15:32,00:05,01:06,1:11 (first video),00:42 (second video starts),01:47,02:52,03:58,04:10,04:42,05:01,05:22,06:05,06:31,07:03,07:49,08:07,08:39,09:06,09:30,10:50,10:58,11:14,11:34,12:51,00:16 (third video) ,00:39,00:44
Quayla,1,09-24-LQ,2020-10-05,B,13:39:18,0:15:20,00:08,,01:23,02:48,03:59,04:59,06:00,06:23,06:57,07:18,07:47,08:20,09:08,09:27,10:14,10:41,11:11,11:38,11:55,12:57,12:58,13:15,13:27,14:32,14:38,15:05,15:13
Rainbow,1,11-51-LR,2020-12-14,A,14:20:15,0:13:53,00:03,00:56,01:14,02:17,03:17,04:19,05:24,05:38,06:09,06:22,06:48,07:23,08:02,08:28,09:10,09:20,09:47,10:12,10:31,11:39,11:48,12:01,12:12,13:17,13:26,13:48,13:53
Rebecca,1,10-43-LR,2020-10-30,B,13:57:22,0:15:20,00:04,00:16,01:24,02:52,03:59,05:12,06:20,06:30,06:50,07:07,07:32,08:06,08:55,09:16,10:02,10:17,10:36,10:55,11:25,12:33,12:37,12:59,13:23,14:31,14:45,15:10,15:19
Rebecca,2,10-43-LR,2020-12-17,B,13:32:35,0:14:33,00:05,01:06,01:11,02:11,03:13,04:19,05:20,05:31,05:55,06:12,06:31,07:04,07:421,08:06,08:52,09:17,09:46,10:03,10:21,11:38,11:47,11:48,12:16,13:33,13:49,14:,14:32
Rita,2,09-42-LR,2020-12-08,B,15:20:03,0:13:39,00:00,00:12,01:21,02:30,03:28,04:35,05:35,05:47,06:08,06:24,06:53,07:25,07:49,08:09,08:51,09:07,09:27,09:45,09:58,11:02,11:10,11:27,11:48,12:58,13:12,13:33,13:39
Simon,1,09-31-LS,2020-10-12,B,14:18:17,0:17:27,00:00,01:05,01:20,02:36,03:32,04:43,06:12,06:32,08:19,08:34,09:09,09:41,10:34,10:57,11:34,12:02,12:26,12:50,13:14,14:26,14:28,14:56,15:12,16:39,16:47,17:11,17:18
Tango,1,09-23-LT,2020-10-05,B,12:46:11,0:15:48,00:10,01:23,01:29,02:38,03:43,04:33,05:49,05:59,06:49,07:00,07:25,08:14,08:50,09:15,10:05,10:21,11:00,11:37,11:55,13:14,13:16,13:44,14:00,15:08,15:15,15:38,15:46
Teal,1,09-32-LT,2020-10-12,B,13:14:49,0:18:30,00:01,1:11,01:37,02:52,04:05,05:07,06:22,06:56,08:19,08:40,09:38,10:23,11:32,11:54,12:36,13:02,13:36,14:04,14:20,15:26,15:29,16:19,16:31,17:39,00:05,00:31,00:42
Tessa,1,11-43-LT,2020-12-08,B,12:39:34,00:16:30,00:12,01:14,01:24,02:28,03:29,04:41,06:00,06:30,07:20,07:36,08:06,08:47,09:25,09:46,10:31,10:52,11:19,11:38,12:16,13:31,13:35,13:56,14:14,15:25,15:54,16:17,16:29
Thor,1,11-42-LT,2020-12-08,B,13:50:37,0:17:36,00:04,00:58,01:11,02:15,03:25,04:26,05:35,05:44,06:34,07:18,07:51,08:31,09:07,11:36,12:12,12:39,12:59,13:16,13:39,14:51,,15:24,15:28,16:39,17:07,,17:31
Tim,1,10-42-LT,2020-10-30,B,13:29:04,0:15:38,00:03,01:11,01:23,02:35,03:54,05:00,06:05,06:17,,06:48,07:31,08:06,08:53,09:43,10:05,10:24,10:41,11:10,11:31,12:44,12:51,13:10,13:29,14:40,14:54,15:26,15:38
Tim,2,10-42-LT,2020-12-17,B,12:18:10,0:14:42,00:05,01:08,01:08,02:14,03:21,04:21,05:31,05:42,06:16,06:35,07:00,07:37,08:18,08:35,09:14,09:37,10:10,10:33,10:47,11:56,12:01,12:25,12:43,13:52,14:07,14:35,14:40
Tosh,1,11-23-IT,2019-12-12,B,14:13:15,0:14:28,,,,,,,,,,,,,,,,,,,,,,,,,,,
Tosh,1,11-23-IT,12/12/2019,C,,,00:00,00:53,00:56,02:21,03:16,04:46,05:55,06:10,06:29,06:41,07:05,07:34,07:57,08:25,08:53,09:05,09:25,10:00,10:26,11:39,11:41,11:47,11:57,13:43,,14:17,
Tosh,2,11-23-IT,2020-01-28,B,13:01:41,0:14:42,,,,,,,,,,,,,,,,,,,,,,,,,,,
Tosh,2,11-23-IT,28/01/2020,C,,,00:07,01:53,02:01,03:11,04:06,04:54,05:58,06:06,06:38,06:53,07:30,07:23,09:02,09:30,9:46,10:08,10:31,11:00,11:14,11:58,12:05,12:22,12:44,12:48,,14:31,
Toto,2,09-44-LT,2020-12-08,B,14:55:52,0:14:41,00:05,01:03,01:09,02:29,03:34,04:35,05:44,05:55,06:18,06:37,07:05,07:55,08:27,08:51,09:34,09:55,10:27,10:41,10:57,12:04,12:13,12:35,12:55,14:02,14:14,14:36,14:40
Vale,1,09-35-LV,2020-10-12,B,12:41:44,0:19:28,00:03,00:57,01:08,02:24,04:03,06:28,07:55,09:21,10:18,10:38,11:11,11:50,12:35,12:57,13:48,14:11,14:38,15:05,15:24,16:49,16:52,17:12,17:27,00:59,01:10,01:35,01:46
Varley,1,09-25-LV,2020-10-05,B,13:10:59,0:16:00,00:04,01:10,01:17,02:26,03:48,04:54,06:00,06:10,06:48,07:02,07:43,08:22,09:12,09:38,10:18,10:46,11:07,11:40,11:54,13:01,13:07,13:30,13:57,15:06,15:27,15:46,15:52
Vaughan,1,04-11-LV,2021-04-29,A,13:12:48,0:13:01,00:02,01:08,01:19,02:15,03:16,04:13,05:10,05:19,05:42,05:58,06:27,07:00,07:44,08:00,08:36,08:52,09:15,09:27,09:43,10:46,00:02,00:19,00:38,01:36,01:42,02:04,02:11
Vaughan,2,04-11-LV,2021-06-21,A,13:21:16,0:15:39,00:05,01:05 ,01:20,02:18,03:14,04:18,05:26,05:39,06:12,06:32,06:55,07:36,08:29,09:01,09:48,10:07,10:30,11:05,11:20,12:38,(2) 00:01,00:24,(3) 00:13,01:20,01:36,02:12,02:17
Verona,1,04-14-LV,2021-04-29,A,14:17:25,0:13:22,00:02,00:58,01:03,02:14,03:13,04:13,05:13,05:26,05:42,06:02,06:20,06:55,07:51,08:09,08:51,09:09,00:12 (second video starts),00:29,00:42,01:49,01:54,02:05,02:20,03:23,03:34,04:00,04:08
Verona,2,04-14-LV,2021-06-21,A,14:10:52,00:15:46,00:05,00:53,01:07,02:16,03:20,04:19,05:22,05:47,06:21,06:54,07:11,(3) 00:38 ,01:32,01:59,02:44,03:08,03:36,03:49,04:07,05:20,05:24,05:42,06:00,07:06,07:31,08:00,08:10
Vista,1,04-15-LV,2021-04-29,A,13:40:58,0:16:08,00:05,01:06,00:02 (2),01:16,02:17,03:20,04:16,04:30,05:02,05:36,00:21 (3),01:03,02:04,02:35,03:33,03:49,04:17,04:31,04:57,06:00,06:08,06:15,06:28,07:36,07:47,08:22,08:28
Yani,1,04-12-LY,2021-04-29,A,12:18:39,0:15:41,00:05,01:01,01:07,02:30,03:13, 04:07,05:11,05:26,05:47,06:06,06:55,07:49,08:41,09:11,09:51,10:12,10:41,10:58,11:21,12:39,12:46,12:58,13:15,01: (2),01:34 (2),01:58,02:07 (02)
Yani,2,04-12-LY,2021-06-21,A,13:45:48,0:15:19,00:05,01:03,01:11,02:19,03:25,04:20,05:26,05:39,06:12,06:34,06:54,07:40,08:43,09:11,(2) 00:25,00:50,01:14,01:35,01:55,03:10,03:16,03:34,03:50,04:59,05:23,05:56,06:00
Yeska,1,11-44-LY,2020-12-08,B,12:03:56,0:18:48,00:07,01:14,01:28,02:36,03:32,04:38,05:47,06:00,07:08,07:31,07:45,09:24,10:04,10:31,00:50,01:15,01:50,02:08,02:49,04:02,04:05,04:34,00:00,01:14,02:02,02:22,02:33
Yorkie,1,04-13-LY,2021-04-29,A,12:45:57,0:14:17,00:02,01:04,01:14,02:12,03:26,04:17,05:16,05:35,05:54,06:08,06:36,07:12,08:02,00:15 (2),01:04,01:23,01:44,01:58,02:19,03:17,03:22,03:34,03:53,04:56,05:09,05:34,05:40
Yorkie,2,04-13-LY,2021-06-21,A,12:18:32,0:14:35,00:03,01:05,01:11,02:18,03:21,04:20,05:22,05:36,06:01,06:22,06:49,07:34,08:02,08:26,(2) 00:03,00:23,00:54,01:05,01:27,(3) 00:59,01:03,01:16,01:34,02:48,03:03,03:22,03:28
Zaar,1,09-33-LZ,2020-10-12,B,14:43:46,0:17:25,00:02,01:24,01:33,02:41,03:43,05:52,05:57,06:50,08:03,08:24,08:51,09:22,10:12,10:32,11:11,12:22,12:44,13:02,13:16,14:38,14:42,15:07,15:20,16:30,16:43,17:11,17:22
Zac,1,07-04-LZ,2019-07-29,A,15:02:37,0:18:01,,,,,,,,,,,,,,,,,,,,,,,,,,,
Zac,1,07-04-LZ,29/07/2019,D,,,00:29,01:40,02:00,05:24,03:16,03:55,06:01,06:18,07:08,07:38,08:29,09:08,09:43,10:08,10:54,11:26,12:05,12:29,12:49,14:08,14:21,15:15,15:27,17:03,,17:42,
Zac,2,07-04-LZ,2019-09-18,A,13:30:14,0:14:26,,,,,,,,,,,,,,,,,,,,,,,,,,,
Zac,2,07-04-LZ,18/09/2109,D,,,00:08,01:00,01:06,02:23,04:53,03:23,05:36,05:45,06:06,06:16,06:45,07:32,08:19,08:42,09:05,09:40,10:15,10:30,10:41,12:01,12:05,12:15,12:25,13:34,,14:07,
Zackie,1,09-34-LZ,2020-10-12,B,13:46:21,00:17:58,00:05,,01:20,02:35,03:39,04:40,06:03,06:38,08:24,08:43,09:08,09:50,10:40,11:12,11:52,12:20,12:57,13:17,13:35,14:54,15:05,15:37,15:48,17:05,17:18,17:39,00:15
Zaid,1,09-21-LZ,2020-10-05,B,15:23:03,0:16:04,00:00,unknown as camera had stopped recording,00:11,01:33,02:30,03:28,04:22,04:33,05:01,05:12,05:44,06:23,06:56,07:16,08:02,08:27,08:52,09:12,09:28,10:11,,10:48,10:59,12:07,12:17,12:35,12:40
Zander,1,11-28-IZ,2019-12-13,A,15:37:45,0:13:58,,,,,,,,,,,,,,,,,,,,,,,,,,,
Zander,2,11-28-IZ,2020-01-28,A,14:13:55,0:15:04,,,,,,,,,,,,,,,,,,,,,,,,,,,
Zander,2,11-28-IZ,28/01/2020,D,,,00:14,01:10,01:16,02:32,03:31,04:44,05:30,06:31,06:58,07:00,07:40,08:16,08:37,09:04,09:28,09:53,10:46,11:18,11:27,12:52,12:58,13:18,13:24,14:39,,14:55,
Zarley,1,11-45-LZ,2020-12-08,B,13:15:21,0:17:25,00:20,02:20,01:38,02:47,03:47,05:01,05:58,06:11,06:59,07:17,07:58,08:53,09:24,09:47,10:32,11:03,11:32,11:56,12:55,14:19,14:19,14:45,15:01,16:12,16:58,17:15,17:25
Zavier,1,09-22-LZ,2020-10-05,B,14:49:18,0:17:29,00:03,00:36,01:43,02:56,03:56,05:14,06:52,07:20,07:53,08:06,08:37,09:20,10:20,10:53,11:36,11:50,12:37,13:05,13:28,13:57,14:35,14:54,15:11,16:28,16:38,17:07,17:22
Zeb,1,05-04-LZ,2019-05-22,A,14:51:27,0:15:38,,,,,,,,,,,,,,,,,,,,,,,,,,,
Zeb,1,05-04-LZ,22/05/2019,C,,,00:11,01:39,01:45,03:20,04:02,04:50,05:30,05:52,06:21,06:39,07:05,07:31,08:20,08:43,09:34,09:52,10:45,11:05,11:45,12:44,12:57,13:17,13:33,14:39,,15:17,
Zeb,1,05-04-LZ,22/05/2019,D,,,00:17,01:40,01:48,03:21,04:01,04:52,05:30,05:53,06:21,06:40,07:05,07:32,08:20,08:44,09:36,09:52,10:46,11:05,11:44,12:40,12:56,13:21,13:30,14:40,,15:18,
Zeb,2,05-04-LZ,2019-07-17,A,14:11:54,0:15:55,,,,,,,,,,,,,,,,,,,,,,,,,,,
Zeb,2,05-04-LZ,17/07/2019,C,,,00:12,01:40,01:46,13:01,04:11,05:20,06:11,06:39,07:12,07:27,08:08,08:44,09:12,09:42,10:09,10:32,10:55,11:24,11:35,12:38,12:44,13:10,13:26,14:51,,15:32,
Zeeno,1,11-44-LZ,2020-12-08,B,14:19:42,00:21:33,00:00,1:09,00:03,01:17,02:16,03:26,04:23,04:32,05:31,05:46,00:11,00:47,00:27,01:47,02:58,03:10,03:31,03:50,04:46,05:57,06:03,06:38,06:48,07:53,08:16,08:42,08:49
Zeus,1,01-11-LZ,2020-02-11,A,15:48:14,0:11:35,,,,,,,,,,,,,,,,,,,,,,,,,,,
Zita,1,10-41-LZ,2020-10-30,B,14:31:17,0:16:13,00:09,01:12,01:22,02:52,03:39,00:03,01:33,01:43,02:05,02:18,02:46,03:19,04:09,04:37,05:25,05:41,06:07,06:26,07:26,08:38,08:40,09:02,09:20,10:34,10:44,11:13,11:27
Zita,2,10-41-LZ,2020-12-17,B,12:41:53,0:14:54,00:04,01:21,01:31,02:22,03:24,04:24,05:37,05:46,06:13,00:00,00:32,1:01,01:38,02:00,"sits, moves sits again",03:00,04:27,04:48,,06:10,,,06:40,07:43,07:49,08:17,08:24
Zodiac,1,04-04-LZ,2019-05-20,B,14:13:22,0:13:53,,,,,,,,,,,,,,,,,,,,,,,,,,,
Zodiac,1,04-04-LZ,20/05/2019,C,,,00:08,00:57,01:06,02:17,03:04,03:45,04:37,04:59,5:26,05:41,06:07,06:54,07:20,07:54,08:26,08:45,9:06,09:30,09:42,10:53,10:55,11:28,11:49,13:11,,13:37,
Zodiac,2,04-04-LZ,2019-07-16,B,14:22:57,0:14:59,,,,,,,,,,,,,,,,,,,,,,,,,,,
Zodiac,2,04-04-LZ,2019-07-16,B,14:22:57,0:14:59,00:07,01:04,01:11,02:19,03:01,03:49,04:47,05:07,05:38,05:54,06:18,07:07,07:32,08:01,,09:43,10:10,10:38,11:06,12:22,12:23,12:35,12:51,14:07,14:18,14:40,14:55
Zodiac,2,04-04-LZ,16/07/2019,C,,,00:10,01:05,01:10,02:20,03:05,03:52,04:49,05:09,05:36,05:56,06:18,07:09,07:33,08:02,08:19,09:44,10:11,10:56,11:06,12:22,12:24,12:37,12:51,14:08,,14:40,
